DATE,VALUE
2005-03-14,.
2005-03-15,-0.75238
2005-03-16,-0.80818
2005-03-17,0.18012
2005-03-18,-0.04705
2005-03-21,-0.49342
2005-03-22,-1.01962
2005-03-23,0.06998
2005-03-24,-0.09467
2005-03-25,.
2005-03-28,.
2005-03-29,-0.75961
2005-03-30,1.37726
2005-03-31,-0.06941
2005-04-01,-0.64968
2005-04-04,0.27282
2005-04-05,0.44808
2005-04-06,0.22685
2005-04-07,0.59709
2005-04-08,-0.83449
2005-04-11,0.00085
2005-04-12,0.55452
2005-04-13,-1.17616
2005-04-14,-1.00018
2005-04-15,-1.67205
2005-04-18,0.29406
2005-04-19,0.59338
2005-04-20,-1.32549
2005-04-21,1.97363
2005-04-22,-0.67503
2005-04-25,0.86623
2005-04-26,-0.89149
2005-04-27,0.40287
2005-04-28,-1.13803
2005-04-29,1.19225
2005-05-02,0.45901
2005-05-03,-0.08519
2005-05-04,1.24702
2005-05-05,-0.25688
2005-05-06,-0.10916
2005-05-09,0.63943
2005-05-10,-1.07054
2005-05-11,0.41930
2005-05-12,-1.00332
2005-05-13,-0.45801
2005-05-16,1.00862
2005-05-17,0.69573
2005-05-18,1.00187
2005-05-19,0.46560
2005-05-20,-0.15112
2005-05-23,0.38511
2005-05-24,0.01759
2005-05-25,-0.34001
2005-05-26,0.63949
2005-05-27,0.09686
2005-05-30,.
2005-05-31,.
2005-06-01,0.90390
2005-06-02,0.16802
2005-06-03,-0.68671
2005-06-06,0.12458
2005-06-07,-0.02088
2005-06-08,-0.21633
2005-06-09,0.52399
2005-06-10,-0.23482
2005-06-13,0.22619
2005-06-14,0.25732
2005-06-15,0.22178
2005-06-16,0.36301
2005-06-17,0.49547
2005-06-20,-0.07067
2005-06-21,-0.20475
2005-06-22,0.02225
2005-06-23,-1.08330
2005-06-24,-0.76287
2005-06-27,-0.07385
2005-06-28,0.91376
2005-06-29,-0.14315
2005-06-30,-0.71009
2005-07-01,0.26105
2005-07-04,.
2005-07-05,.
2005-07-06,-0.83403
2005-07-07,0.24520
2005-07-08,1.16791
2005-07-11,0.62548
2005-07-12,0.22715
2005-07-13,0.08836
2005-07-14,0.26241
2005-07-15,0.11578
2005-07-18,-0.55297
2005-07-19,0.67315
2005-07-20,0.47586
2005-07-21,-0.66062
2005-07-22,0.54114
2005-07-25,-0.37692
2005-07-26,0.17331
2005-07-27,0.45729
2005-07-28,0.56032
2005-07-29,-0.76705
2005-08-01,0.09480
2005-08-02,0.70992
2005-08-03,0.07395
2005-08-04,-0.73733
2005-08-05,-0.76384
2005-08-08,-0.26826
2005-08-09,0.67450
2005-08-10,-0.18272
2005-08-11,0.70619
2005-08-12,-0.59945
2005-08-15,0.28284
2005-08-16,-1.17760
2005-08-17,0.07381
2005-08-18,-0.09998
2005-08-19,0.05660
2005-08-22,0.16561
2005-08-23,-0.34050
2005-08-24,-0.65540
2005-08-25,0.23148
2005-08-26,-0.60129
2005-08-29,0.59580
2005-08-30,-0.31923
2005-08-31,0.98642
2005-09-01,0.10325
2005-09-02,-0.29224
2005-09-05,.
2005-09-06,.
2005-09-07,0.24080
2005-09-08,-0.37934
2005-09-09,0.79648
2005-09-12,-0.07411
2005-09-13,-0.75450
2005-09-14,-0.32814
2005-09-15,0.04645
2005-09-16,0.82917
2005-09-19,-0.55658
2005-09-20,-0.78634
2005-09-21,-0.91211
2005-09-22,0.36523
2005-09-23,0.05516
2005-09-26,0.02798
2005-09-27,0.00247
2005-09-28,0.10118
2005-09-29,0.88669
2005-09-30,0.09204
2005-10-03,-0.17171
2005-10-04,-0.99698
2005-10-05,-1.48872
2005-10-06,-0.40957
2005-10-07,0.37012
2005-10-10,-0.71662
2005-10-11,-0.20719
2005-10-12,-0.60682
2005-10-13,-0.07133
2005-10-14,0.82679
2005-10-17,0.29750
2005-10-18,-1.00496
2005-10-19,1.49558
2005-10-20,-1.50197
2005-10-21,0.15198
2005-10-24,1.67770
2005-10-25,-0.23679
2005-10-26,-0.43124
2005-10-27,-1.04752
2005-10-28,1.65493
2005-10-31,0.71762
2005-11-01,-0.35211
2005-11-02,0.99771
2005-11-03,0.42642
2005-11-04,0.01639
2005-11-07,0.21883
2005-11-08,-0.34511
2005-11-09,0.16905
2005-11-10,0.84463
2005-11-11,0.30545
2005-11-14,-0.07775
2005-11-15,-0.38500
2005-11-16,0.17901
2005-11-17,0.94135
2005-11-18,0.44014
2005-11-21,0.52713
2005-11-22,0.50843
2005-11-23,0.34728
2005-11-24,.
2005-11-25,.
2005-11-28,-0.85078
2005-11-29,0.00159
2005-11-30,-0.63619
2005-12-01,1.21571
2005-12-02,0.03242
2005-12-05,-0.23635
2005-12-06,0.12757
2005-12-07,-0.50091
2005-12-08,-0.12168
2005-12-09,0.28109
2005-12-12,0.08417
2005-12-13,0.55537
2005-12-14,0.41896
2005-12-15,-0.14143
2005-12-16,-0.28483
2005-12-19,-0.58391
2005-12-20,-0.02381
2005-12-21,0.25166
2005-12-22,0.42208
2005-12-23,0.04258
2005-12-26,.
2005-12-27,.
2005-12-28,0.12972
2005-12-29,-0.29805
2005-12-30,-0.48867
2006-01-02,.
2006-01-03,.
2006-01-04,0.36728
2006-01-05,0.00157
2006-01-06,0.93994
2006-01-09,0.36563
2006-01-10,-0.03565
2006-01-11,0.34815
2006-01-12,-0.62742
2006-01-13,0.12052
2006-01-16,.
2006-01-17,.
2006-01-18,-0.38973
2006-01-19,0.55637
2006-01-20,-1.83263
2006-01-23,0.18470
2006-01-24,0.24054
2006-01-25,-0.17208
2006-01-26,0.72350
2006-01-27,0.77640
2006-01-30,0.11529
2006-01-31,-0.39838
2006-02-01,0.18593
2006-02-02,-0.90607
2006-02-03,-0.53587
2006-02-06,0.07832
2006-02-07,-0.80947
2006-02-08,0.86629
2006-02-09,-0.14775
2006-02-10,0.25400
2006-02-13,-0.32597
2006-02-14,1.00328
2006-02-15,0.35044
2006-02-16,0.73281
2006-02-17,-0.16597
2006-02-20,.
2006-02-21,.
2006-02-22,0.75135
2006-02-23,-0.37751
2006-02-24,0.12735
2006-02-27,0.36373
2006-02-28,-1.04009
2006-03-01,0.82614
2006-03-02,-0.16263
2006-03-03,-0.14816
2006-03-06,-0.69685
2006-03-07,-0.18619
2006-03-08,0.20300
2006-03-09,-0.48808
2006-03-10,0.73493
2006-03-13,0.19897
2006-03-14,1.03961
2006-03-15,0.42698
2006-03-16,0.17728
2006-03-17,0.14709
2006-03-20,-0.16600
2006-03-21,-0.60150
2006-03-22,0.60205
2006-03-23,-0.25823
2006-03-24,0.09834
2006-03-27,-0.10284
2006-03-28,-0.64382
2006-03-29,0.74697
2006-03-30,-0.20263
2006-03-31,-0.41684
2006-04-03,0.23015
2006-04-04,0.62567
2006-04-05,0.43111
2006-04-06,-0.19214
2006-04-07,-1.03435
2006-04-10,0.08491
2006-04-11,-0.77356
2006-04-12,0.12048
2006-04-13,0.07763
2006-04-14,.
2006-04-17,.
2006-04-18,1.73652
2006-04-19,0.17436
2006-04-20,0.11680
2006-04-21,-0.01373
2006-04-24,-0.24175
2006-04-25,-0.48696
2006-04-26,0.28193
2006-04-27,0.33016
2006-04-28,0.06795
2006-05-01,-0.41355
2006-05-02,0.61447
2006-05-03,-0.40816
2006-05-04,0.33643
2006-05-05,1.02953
2006-05-08,-0.08297
2006-05-09,0.03624
2006-05-10,-0.17281
2006-05-11,-1.27981
2006-05-12,-1.12411
2006-05-15,0.25247
2006-05-16,-0.18694
2006-05-17,-1.68411
2006-05-18,-0.66991
2006-05-19,0.41369
2006-05-22,-0.39147
2006-05-23,-0.43500
2006-05-24,0.15837
2006-05-25,1.13700
2006-05-26,0.57193
2006-05-29,.
2006-05-30,.
2006-05-31,0.81360
2006-06-01,1.22983
2006-06-02,0.19522
2006-06-05,-1.77998
2006-06-06,-0.11381
2006-06-07,-0.60925
2006-06-08,0.14170
2006-06-09,-0.44756
2006-06-12,-1.26966
2006-06-13,-1.02798
2006-06-14,0.51892
2006-06-15,2.12351
2006-06-16,-0.36779
2006-06-19,-0.91088
2006-06-20,-0.00161
2006-06-21,0.97410
2006-06-22,-0.52707
2006-06-23,-0.08831
2006-06-26,0.48694
2006-06-27,-0.90839
2006-06-28,0.54874
2006-06-29,2.15650
2006-06-30,-0.20976
2006-07-03,0.78649
2006-07-04,.
2006-07-05,.
2006-07-06,0.24943
2006-07-07,-0.67500
2006-07-10,0.14698
2006-07-11,0.40873
2006-07-12,-1.09389
2006-07-13,-1.29588
2006-07-14,-0.49022
2006-07-17,-0.13833
2006-07-18,0.19198
2006-07-19,1.85551
2006-07-20,-0.84775
2006-07-21,-0.70769
2006-07-24,1.66251
2006-07-25,0.63208
2006-07-26,-0.03783
2006-07-27,-0.40997
2006-07-28,1.21517
2006-07-31,-0.14782
2006-08-01,-0.44961
2006-08-02,0.60035
2006-08-03,0.13453
2006-08-04,-0.07108
2006-08-07,-0.28061
2006-08-08,-0.33627
2006-08-09,-0.43493
2006-08-10,0.46289
2006-08-11,-0.39864
2006-08-14,0.11605
2006-08-15,1.36965
2006-08-16,0.76619
2006-08-17,0.15825
2006-08-18,0.37149
2006-08-21,-0.36704
2006-08-22,0.10019
2006-08-23,-0.44887
2006-08-24,0.23743
2006-08-25,-0.07484
2006-08-28,0.51657
2006-08-29,0.19204
2006-08-30,-0.00077
2006-08-31,-0.03450
2006-09-01,0.55146
2006-09-04,.
2006-09-05,.
2006-09-06,-0.98915
2006-09-07,-0.47990
2006-09-08,0.37866
2006-09-11,0.04773
2006-09-12,1.04422
2006-09-13,0.37773
2006-09-14,-0.13580
2006-09-15,0.27274
2006-09-18,0.09925
2006-09-19,-0.21723
2006-09-20,0.52112
2006-09-21,-0.53955
2006-09-22,-0.24658
2006-09-25,0.88152
2006-09-26,0.75168
2006-09-27,0.01871
2006-09-28,0.19153
2006-09-29,-0.24642
2006-10-02,-0.33911
2006-10-03,0.20957
2006-10-04,1.20755
2006-10-05,0.22219
2006-10-06,-0.26899
2006-10-09,0.08002
2006-10-10,0.20434
2006-10-11,-0.25639
2006-10-12,0.95411
2006-10-13,0.20472
2006-10-16,0.25117
2006-10-17,-0.36522
2006-10-18,0.14002
2006-10-19,0.07321
2006-10-20,0.11997
2006-10-23,0.61523
2006-10-24,0.02614
2006-10-25,0.35139
2006-10-26,0.49630
2006-10-27,-0.84516
2006-10-30,0.04284
2006-10-31,0.00073
2006-11-01,-0.73516
2006-11-02,-0.03436
2006-11-03,-0.22233
2006-11-06,1.13465
2006-11-07,0.22177
2006-11-08,0.20827
2006-11-09,-0.53330
2006-11-10,0.18646
2006-11-13,0.25491
2006-11-14,0.63565
2006-11-15,0.24045
2006-11-16,0.22842
2006-11-17,0.10287
2006-11-20,-0.04996
2006-11-21,0.16494
2006-11-22,0.23382
2006-11-23,.
2006-11-24,.
2006-11-27,-1.35979
2006-11-28,0.34880
2006-11-29,0.92016
2006-11-30,0.08217
2006-12-01,-0.27987
2006-12-04,0.88852
2006-12-05,0.40025
2006-12-06,-0.13147
2006-12-07,-0.39706
2006-12-08,0.18120
2006-12-11,0.22698
2006-12-12,-0.10474
2006-12-13,0.11689
2006-12-14,0.86894
2006-12-15,0.11224
2006-12-18,-0.32303
2006-12-19,0.21582
2006-12-20,-0.14170
2006-12-21,-0.36740
2006-12-22,-0.53162
2006-12-25,.
2006-12-26,.
2006-12-27,0.70153
2006-12-28,-0.14788
2006-12-29,-0.45131
2007-01-01,.
2007-01-02,.
2007-01-03,.
2007-01-04,0.12283
2007-01-05,-0.60846
2007-01-08,0.22203
2007-01-09,-0.05167
2007-01-10,0.19404
2007-01-11,0.63399
2007-01-12,0.48531
2007-01-15,.
2007-01-16,.
2007-01-17,-0.08939
2007-01-18,-0.29707
2007-01-19,0.28955
2007-01-22,-0.52779
2007-01-23,0.35419
2007-01-24,0.85015
2007-01-25,-1.12698
2007-01-26,-0.12079
2007-01-29,-0.10969
2007-01-30,0.57721
2007-01-31,0.65929
2007-02-01,0.53538
2007-02-02,0.16944
2007-02-05,-0.09666
2007-02-06,0.06980
2007-02-07,0.13950
2007-02-08,-0.11793
2007-02-09,-0.70772
2007-02-12,-0.32613
2007-02-13,0.75975
2007-02-14,0.76441
2007-02-15,0.10376
2007-02-16,-0.08718
2007-02-19,.
2007-02-20,.
2007-02-21,-0.14044
2007-02-22,-0.08576
2007-02-23,-0.35636
2007-02-26,-0.12541
2007-02-27,-3.47254
2007-02-28,0.55610
2007-03-01,-0.25945
2007-03-02,-1.14028
2007-03-05,-0.94076
2007-03-06,1.54936
2007-03-07,-0.24652
2007-03-08,0.71266
2007-03-09,0.06848
2007-03-12,0.26731
2007-03-13,-2.03683
2007-03-14,0.66911
2007-03-15,0.36838
2007-03-16,-0.38283
2007-03-19,1.08944
2007-03-20,0.63335
2007-03-21,1.70808
2007-03-22,-0.03484
2007-03-23,0.10944
2007-03-26,0.09679
2007-03-27,-0.61843
2007-03-28,-0.79658
2007-03-29,0.37397
2007-03-30,-0.11740
2007-04-02,0.25970
2007-04-03,0.92801
2007-04-04,0.11128
2007-04-05,0.30499
2007-04-06,.
2007-04-09,.
2007-04-10,0.26166
2007-04-11,-0.65728
2007-04-12,0.62063
2007-04-13,0.34881
2007-04-16,1.07513
2007-04-17,0.20498
2007-04-18,0.06932
2007-04-19,-0.12020
2007-04-20,0.92607
2007-04-23,-0.23040
2007-04-24,-0.03511
2007-04-25,1.01391
2007-04-26,-0.07824
2007-04-27,-0.01205
2007-04-30,-0.78310
2007-05-01,0.26512
2007-05-02,0.64724
2007-05-03,0.43251
2007-05-04,0.21499
2007-05-07,0.25637
2007-05-08,-0.11660
2007-05-09,0.32234
2007-05-10,-1.39563
2007-05-11,0.96415
2007-05-14,-0.17930
2007-05-15,-0.13039
2007-05-16,0.86265
2007-05-17,-0.09180
2007-05-18,0.66105
2007-05-21,0.15433
2007-05-22,-0.06426
2007-05-23,-0.12073
2007-05-24,-0.97026
2007-05-25,0.54527
2007-05-28,.
2007-05-29,.
2007-05-30,0.79836
2007-05-31,0.02549
2007-06-01,0.37370
2007-06-04,0.18485
2007-06-05,-0.53470
2007-06-06,-0.88638
2007-06-07,-1.75698
2007-06-08,1.13703
2007-06-11,0.09617
2007-06-12,-1.06817
2007-06-13,1.51842
2007-06-14,0.48164
2007-06-15,0.65267
2007-06-18,-0.12134
2007-06-19,0.17308
2007-06-20,-1.36011
2007-06-21,0.61804
2007-06-22,-1.28959
2007-06-25,-0.32079
2007-06-26,-0.32382
2007-06-27,0.90094
2007-06-28,-0.04182
2007-06-29,-0.15674
2007-07-02,1.06961
2007-07-03,0.35803
2007-07-04,.
2007-07-05,.
2007-07-06,0.33041
2007-07-09,0.09213
2007-07-10,-1.41855
2007-07-11,0.57214
2007-07-12,1.90550
2007-07-13,0.31014
2007-07-16,-0.19195
2007-07-17,-0.00968
2007-07-18,-0.20654
2007-07-19,0.44691
2007-07-20,-1.22209
2007-07-23,0.48693
2007-07-24,-1.98045
2007-07-25,0.46657
2007-07-26,-2.33385
2007-07-27,-1.59915
2007-07-30,1.02539
2007-07-31,-1.26466
2007-08-01,0.72426
2007-08-02,0.43594
2007-08-03,-2.65861
2007-08-06,2.41511
2007-08-07,0.61594
2007-08-08,1.40718
2007-08-09,-2.96496
2007-08-10,0.03785
2007-08-13,-0.04953
2007-08-14,-1.81565
2007-08-15,-1.39078
2007-08-16,0.32487
2007-08-17,2.45665
2007-08-20,-0.02697
2007-08-21,0.10861
2007-08-22,1.17129
2007-08-23,-0.10724
2007-08-24,1.15350
2007-08-27,-0.85036
2007-08-28,-2.34730
2007-08-29,2.19219
2007-08-30,-0.41810
2007-08-31,1.12168
2007-09-03,.
2007-09-04,.
2007-09-05,-1.15011
2007-09-06,0.42519
2007-09-07,-1.69085
2007-09-10,-0.12727
2007-09-11,1.36323
2007-09-12,0.00476
2007-09-13,0.84196
2007-09-14,0.02022
2007-09-17,-0.51204
2007-09-18,2.92080
2007-09-19,0.60864
2007-09-20,-0.67232
2007-09-21,0.46091
2007-09-24,-0.52564
2007-09-25,-0.03426
2007-09-26,0.54112
2007-09-27,0.39071
2007-09-28,-0.30234
2007-10-01,1.32897
2007-10-02,-0.02650
2007-10-03,-0.45518
2007-10-04,0.21110
2007-10-05,0.95603
2007-10-08,-0.32165
2007-10-09,0.80962
2007-10-10,-0.17123
2007-10-11,-0.51585
2007-10-12,0.47542
2007-10-15,-0.83814
2007-10-16,-0.65732
2007-10-17,0.17614
2007-10-18,-0.07526
2007-10-19,-2.56156
2007-10-22,0.37984
2007-10-23,0.88029
2007-10-24,-0.24414
2007-10-25,-0.09763
2007-10-26,1.37876
2007-10-29,0.37127
2007-10-30,-0.64634
2007-10-31,1.19920
2007-11-01,-2.64235
2007-11-02,0.08022
2007-11-05,-0.49548
2007-11-06,1.20492
2007-11-07,-2.93698
2007-11-08,-0.05760
2007-11-09,-1.42870
2007-11-12,-0.99883
2007-11-13,2.90930
2007-11-14,-0.70693
2007-11-15,-1.32125
2007-11-16,0.52303
2007-11-19,-1.74603
2007-11-20,0.44862
2007-11-21,-1.59269
2007-11-22,.
2007-11-23,.
2007-11-26,-2.32387
2007-11-27,1.49301
2007-11-28,2.85598
2007-11-29,0.04765
2007-11-30,0.77702
2007-12-03,-0.58874
2007-12-04,-0.65403
2007-12-05,1.51902
2007-12-06,1.50369
2007-12-07,-0.17780
2007-12-10,0.75100
2007-12-11,-2.52711
2007-12-12,0.60501
2007-12-13,0.12243
2007-12-14,-1.37462
2007-12-17,-1.50209
2007-12-18,0.62798
2007-12-19,-0.13608
2007-12-20,0.49002
2007-12-21,1.66699
2007-12-24,0.80770
2007-12-25,.
2007-12-26,.
2007-12-27,-1.42155
2007-12-28,0.14360
2007-12-31,-0.68516
2008-01-01,.
2008-01-02,.
2008-01-03,0.00000
2008-01-04,-2.45515
2008-01-07,0.32232
2008-01-08,-1.83522
2008-01-09,1.36240
2008-01-10,0.79482
2008-01-11,-1.35954
2008-01-14,1.08707
2008-01-15,-2.49250
2008-01-16,-0.56121
2008-01-17,-2.90926
2008-01-18,-0.60454
2008-01-21,.
2008-01-22,.
2008-01-23,2.14422
2008-01-24,1.00628
2008-01-25,-1.58720
2008-01-28,1.75559
2008-01-29,0.61523
2008-01-30,-0.47640
2008-01-31,1.67723
2008-02-01,1.22375
2008-02-04,-1.04628
2008-02-05,-3.19955
2008-02-06,-0.76236
2008-02-07,0.78857
2008-02-08,-0.42037
2008-02-11,0.58890
2008-02-12,0.72659
2008-02-13,1.36041
2008-02-14,-1.34215
2008-02-15,0.08377
2008-02-18,.
2008-02-19,.
2008-02-20,0.83409
2008-02-21,-1.28674
2008-02-22,0.78806
2008-02-25,1.38126
2008-02-26,0.69179
2008-02-27,-0.09194
2008-02-28,-0.89419
2008-02-29,-2.70897
2008-03-03,0.05336
2008-03-04,-0.34477
2008-03-05,0.52384
2008-03-06,-2.20139
2008-03-07,-0.84104
2008-03-10,-1.54635
2008-03-11,3.71298
2008-03-12,-0.89956
2008-03-13,0.51270
2008-03-14,-2.07833
2008-03-17,-0.89587
2008-03-18,4.24095
2008-03-19,-2.42872
2008-03-20,2.39445
2008-03-21,.
2008-03-24,.
2008-03-25,0.23039
2008-03-26,-0.87658
2008-03-27,-1.14605
2008-03-28,-0.79502
2008-03-31,0.56873
2008-04-01,3.58963
2008-04-02,-0.19341
2008-04-03,0.13016
2008-04-04,0.07960
2008-04-07,0.15616
2008-04-08,-0.51000
2008-04-09,-0.80920
2008-04-10,0.44740
2008-04-11,-2.03741
2008-04-14,-0.33838
2008-04-15,0.45998
2008-04-16,2.26913
2008-04-17,0.06228
2008-04-18,1.81391
2008-04-21,-0.15536
2008-04-22,-0.88102
2008-04-23,0.28998
2008-04-24,0.64424
2008-04-25,0.64947
2008-04-28,-0.10516
2008-04-29,-0.38887
2008-04-30,-0.38463
2008-05-01,1.71407
2008-05-02,0.32356
2008-05-05,-0.45336
2008-05-06,0.76519
2008-05-07,-1.81137
2008-05-08,0.36695
2008-05-09,-0.67254
2008-05-12,1.10208
2008-05-13,-0.03847
2008-05-14,0.40056
2008-05-15,1.05845
2008-05-16,0.12504
2008-05-19,0.08980
2008-05-20,-0.92736
2008-05-21,-1.60535
2008-05-22,0.26174
2008-05-23,-1.32105
2008-05-26,.
2008-05-27,.
2008-05-28,0.39629
2008-05-29,0.53349
2008-05-30,0.15162
2008-06-02,-1.05043
2008-06-03,-0.57878
2008-06-04,-0.03266
2008-06-05,1.94961
2008-06-06,-3.08892
2008-06-09,0.07937
2008-06-10,-0.24380
2008-06-11,-1.68944
2008-06-12,0.32797
2008-06-13,1.50462
2008-06-16,0.00809
2008-06-17,-0.67714
2008-06-18,-0.97118
2008-06-19,0.37524
2008-06-20,-1.85429
2008-06-23,0.00531
2008-06-24,-0.28149
2008-06-25,0.58435
2008-06-26,-2.93653
2008-06-27,-0.37174
2008-06-30,0.12672
2008-07-01,0.38359
2008-07-02,-1.82036
2008-07-03,0.10939
2008-07-04,.
2008-07-07,.
2008-07-08,1.70804
2008-07-09,-2.27762
2008-07-10,0.69897
2008-07-11,-1.10899
2008-07-14,-0.90279
2008-07-15,-1.09012
2008-07-16,2.50636
2008-07-17,1.20126
2008-07-18,0.02856
2008-07-21,-0.05394
2008-07-22,1.34921
2008-07-23,0.40642
2008-07-24,-2.31245
2008-07-25,0.41675
2008-07-28,-1.85966
2008-07-29,2.33560
2008-07-30,1.66719
2008-07-31,-1.31438
2008-08-01,-0.55784
2008-08-04,-0.89660
2008-08-05,2.87187
2008-08-06,0.33544
2008-08-07,-1.79337
2008-08-08,2.38928
2008-08-11,0.69427
2008-08-12,-1.20507
2008-08-13,-0.29157
2008-08-14,0.55217
2008-08-15,0.40760
2008-08-18,-1.50978
2008-08-19,-0.93149
2008-08-20,0.61973
2008-08-21,0.24950
2008-08-22,1.13327
2008-08-25,-1.96254
2008-08-26,0.36863
2008-08-27,0.79826
2008-08-28,1.48401
2008-08-29,-1.37236
2008-09-01,.
2008-09-02,.
2008-09-03,-0.20351
2008-09-04,-2.99220
2008-09-05,0.44307
2008-09-08,2.05102
2008-09-09,-3.41381
2008-09-10,0.61494
2008-09-11,1.38064
2008-09-12,0.21216
2008-09-15,-4.71359
2008-09-16,1.75149
2008-09-17,-4.71329
2008-09-18,4.33418
2008-09-19,4.02566
2008-09-22,-3.82366
2008-09-23,-1.56326
2008-09-24,-0.19777
2008-09-25,1.96565
2008-09-26,0.31674
2008-09-29,-8.78970
2008-09-30,5.42033
2008-10-01,-0.45441
2008-10-02,-4.02908
2008-10-03,-1.35065
2008-10-06,-3.85179
2008-10-07,-5.73948
2008-10-08,-1.13327
2008-10-09,-7.61671
2008-10-10,-1.17593
2008-10-13,11.58004
2008-10-14,-0.53222
2008-10-15,-9.03498
2008-10-16,4.25075
2008-10-17,-0.62128
2008-10-20,4.76849
2008-10-21,-3.07997
2008-10-22,-6.10125
2008-10-23,1.26341
2008-10-24,-3.45112
2008-10-27,-3.17643
2008-10-28,10.78900
2008-10-29,-1.10791
2008-10-30,2.58040
2008-10-31,1.53654
2008-11-03,-0.25290
2008-11-04,4.08258
2008-11-05,-5.26771
2008-11-06,-5.02640
2008-11-07,2.88547
2008-11-10,-1.26532
2008-11-11,-2.20407
2008-11-12,-5.18939
2008-11-13,6.92127
2008-11-14,-4.16991
2008-11-17,-2.58104
2008-11-18,0.98384
2008-11-19,-6.11556
2008-11-20,-6.71229
2008-11-21,6.32476
2008-11-24,6.47226
2008-11-25,0.65508
2008-11-26,3.53281
2008-11-27,.
2008-11-28,.
2008-12-01,-8.92953
2008-12-02,3.99407
2008-12-03,2.58362
2008-12-04,-2.93084
2008-12-05,3.64994
2008-12-08,3.83873
2008-12-09,-2.31175
2008-12-10,1.18942
2008-12-11,-2.85241
2008-12-12,0.70285
2008-12-15,-1.26857
2008-12-16,5.13603
2008-12-17,-0.95929
2008-12-18,-2.11627
2008-12-19,0.29369
2008-12-22,-1.83020
2008-12-23,-0.97174
2008-12-24,0.57811
2008-12-25,.
2008-12-26,.
2008-12-29,-0.38726
2008-12-30,2.44071
2008-12-31,1.41584
2009-01-01,.
2009-01-02,.
2009-01-05,-0.46684
2009-01-06,0.78171
2009-01-07,-3.00096
2009-01-08,0.33971
2009-01-09,-2.13030
2009-01-12,-2.25642
2009-01-13,0.17581
2009-01-14,-3.34599
2009-01-15,0.13292
2009-01-16,0.75616
2009-01-19,.
2009-01-20,.
2009-01-21,4.34912
2009-01-22,-1.51623
2009-01-23,0.53776
2009-01-26,0.55532
2009-01-27,1.09256
2009-01-28,3.35576
2009-01-29,-3.31202
2009-01-30,-2.27891
2009-02-02,-0.05328
2009-02-03,1.58340
2009-02-04,-0.74895
2009-02-05,1.63657
2009-02-06,2.68960
2009-02-09,0.14851
2009-02-10,-4.91212
2009-02-11,0.79549
2009-02-12,0.17392
2009-02-13,-0.99977
2009-02-16,.
2009-02-17,.
2009-02-18,-0.09504
2009-02-19,-1.20240
2009-02-20,-1.14129
2009-02-23,-3.46990
2009-02-24,4.01033
2009-02-25,-1.06578
2009-02-26,-1.57798
2009-02-27,-2.35644
2009-03-02,-4.66201
2009-03-03,-0.64068
2009-03-04,2.37531
2009-03-05,-4.25323
2009-03-06,0.12160
2009-03-09,-1.00237
2009-03-10,6.36631
2009-03-11,0.24458
2009-03-12,4.07286
2009-03-13,0.77390
2009-03-16,-0.35160
2009-03-17,3.21400
2009-03-18,2.08580
2009-03-19,-1.29792
2009-03-20,-1.97694
2009-03-23,7.07575
2009-03-24,-2.04151
2009-03-25,0.96264
2009-03-26,2.33204
2009-03-27,-2.03155
2009-03-30,-3.48187
2009-03-31,1.31297
2009-04-01,1.65566
2009-04-02,2.87271
2009-04-03,0.97318
2009-04-06,-0.83323
2009-04-07,-2.38546
2009-04-08,1.17835
2009-04-09,3.80532
2009-04-10,.
2009-04-13,.
2009-04-14,-2.00645
2009-04-15,1.25490
2009-04-16,1.55388
2009-04-17,0.49694
2009-04-20,-4.27898
2009-04-21,2.12521
2009-04-22,-0.76816
2009-04-23,0.99224
2009-04-24,1.67974
2009-04-27,-1.00666
2009-04-28,-0.27405
2009-04-29,2.16100
2009-04-30,-0.09500
2009-05-01,0.53964
2009-05-04,3.38682
2009-05-05,-0.37917
2009-05-06,1.74043
2009-05-07,-1.32024
2009-05-08,2.40690
2009-05-11,-2.15124
2009-05-12,-0.09788
2009-05-13,-2.68949
2009-05-14,1.03516
2009-05-15,-1.14101
2009-05-18,3.03892
2009-05-19,-0.17368
2009-05-20,-0.51314
2009-05-21,-1.67576
2009-05-22,-0.14972
2009-05-25,.
2009-05-26,.
2009-05-27,-1.89711
2009-05-28,1.54189
2009-05-29,1.35748
2009-06-01,2.58176
2009-06-02,0.19833
2009-06-03,-1.37392
2009-06-04,1.14836
2009-06-05,-0.25147
2009-06-08,-0.10105
2009-06-09,0.35032
2009-06-10,-0.34804
2009-06-11,0.61119
2009-06-12,0.13970
2009-06-15,-2.37685
2009-06-16,-1.27203
2009-06-17,-0.13816
2009-06-18,0.84110
2009-06-19,0.31142
2009-06-22,-3.06004
2009-06-23,0.23067
2009-06-24,0.65244
2009-06-25,2.14443
2009-06-26,-0.14778
2009-06-29,0.90652
2009-06-30,-0.85308
2009-07-01,0.43619
2009-07-02,-2.91445
2009-07-03,.
2009-07-06,.
2009-07-07,-1.96835
2009-07-08,-0.16685
2009-07-09,0.35472
2009-07-10,-0.40218
2009-07-13,2.49337
2009-07-14,0.53160
2009-07-15,2.96300
2009-07-16,0.86418
2009-07-17,-0.03827
2009-07-20,1.14315
2009-07-21,0.36273
2009-07-22,-0.05343
2009-07-23,2.32897
2009-07-24,0.30421
2009-07-27,0.29818
2009-07-28,-0.26064
2009-07-29,-0.45630
2009-07-30,1.18956
2009-07-31,0.07398
2009-08-03,1.53421
2009-08-04,0.30121
2009-08-05,-0.29135
2009-08-06,-0.56247
2009-08-07,1.34392
2009-08-10,-0.33449
2009-08-11,-1.26601
2009-08-12,1.15251
2009-08-13,0.68800
2009-08-14,-0.85314
2009-08-17,-2.42608
2009-08-18,1.01457
2009-08-19,0.68609
2009-08-20,1.09488
2009-08-21,1.86228
2009-08-24,-0.05457
2009-08-25,0.23694
2009-08-26,0.01167
2009-08-27,0.27818
2009-08-28,-0.19884
2009-08-31,-0.80764
2009-09-01,-2.21238
2009-09-02,-0.32965
2009-09-03,0.85348
2009-09-04,1.31175
2009-09-07,.
2009-09-08,.
2009-09-09,0.77824
2009-09-10,1.04222
2009-09-11,-0.13504
2009-09-14,0.63391
2009-09-15,0.31353
2009-09-16,1.53235
2009-09-17,-0.30596
2009-09-18,0.26373
2009-09-21,-0.34073
2009-09-22,0.65749
2009-09-23,-1.00685
2009-09-24,-0.95111
2009-09-25,-0.60907
2009-09-28,1.78096
2009-09-29,-0.22296
2009-09-30,-0.33283
2009-10-01,-2.57596
2009-10-02,-0.45055
2009-10-05,1.48750
2009-10-06,1.37055
2009-10-07,0.27116
2009-10-08,0.74699
2009-10-09,0.56407
2009-10-12,0.43864
2009-10-13,-0.27876
2009-10-14,1.75458
2009-10-15,0.41574
2009-10-16,-0.80981
2009-10-19,0.94053
2009-10-20,-0.62391
2009-10-21,-0.88538
2009-10-22,1.06436
2009-10-23,-1.21785
2009-10-26,-1.17173
2009-10-27,-0.33179
2009-10-28,-1.95409
2009-10-29,2.25200
2009-10-30,-2.80646
2009-11-02,0.64563
2009-11-03,0.24260
2009-11-04,0.10427
2009-11-05,1.92355
2009-11-06,0.25032
2009-11-09,2.22388
2009-11-10,-0.00640
2009-11-11,0.50320
2009-11-12,-1.02594
2009-11-13,0.57393
2009-11-16,1.44676
2009-11-17,0.09195
2009-11-18,-0.04683
2009-11-19,-1.34258
2009-11-20,-0.32149
2009-11-23,1.36158
2009-11-24,-0.05333
2009-11-25,0.45041
2009-11-26,.
2009-11-27,.
2009-11-30,0.37930
2009-12-01,1.20752
2009-12-02,0.03427
2009-12-03,-0.84021
2009-12-04,0.55095
2009-12-07,-0.24684
2009-12-08,-1.02515
2009-12-09,0.36724
2009-12-10,0.58397
2009-12-11,0.36830
2009-12-14,0.69594
2009-12-15,-0.55470
2009-12-16,0.11282
2009-12-17,-1.18105
2009-12-18,0.58299
2009-12-21,1.05037
2009-12-22,0.35636
2009-12-23,0.22987
2009-12-24,0.52562
2009-12-25,.
2009-12-28,.
2009-12-29,-0.14010
2009-12-30,0.01953
2009-12-31,-1.00495
2010-01-01,.
2010-01-04,.
2010-01-05,0.31156
2010-01-06,0.05455
2010-01-07,0.40013
2010-01-08,0.28817
2010-01-11,0.17468
2010-01-12,-0.93812
2010-01-13,0.83259
2010-01-14,0.24265
2010-01-15,-1.08232
2010-01-18,.
2010-01-19,.
2010-01-20,-1.05979
2010-01-21,-1.89449
2010-01-22,-2.21410
2010-01-25,0.45981
2010-01-26,-0.42032
2010-01-27,0.48802
2010-01-28,-1.18178
2010-01-29,-0.98291
2010-02-01,1.42662
2010-02-02,1.29729
2010-02-03,-0.54744
2010-02-04,-3.11406
2010-02-05,0.28972
2010-02-08,-0.88633
2010-02-09,1.30401
2010-02-10,-0.22326
2010-02-11,0.96805
2010-02-12,-0.27446
2010-02-15,.
2010-02-16,.
2010-02-17,0.42379
2010-02-18,0.65848
2010-02-19,0.21866
2010-02-22,-0.10458
2010-02-23,-1.21028
2010-02-24,0.97204
2010-02-25,-0.20810
2010-02-26,0.14053
2010-03-01,1.01585
2010-03-02,0.23304
2010-03-03,0.04292
2010-03-04,0.37362
2010-03-05,1.40075
2010-03-08,-0.01756
2010-03-09,0.17128
2010-03-10,0.45245
2010-03-11,0.40415
2010-03-12,-0.02173
2010-03-15,0.04522
2010-03-16,0.77792
2010-03-17,0.58217
2010-03-18,-0.03258
2010-03-19,-0.50865
2010-03-22,0.50953
2010-03-23,0.71710
2010-03-24,-0.54932
2010-03-25,-0.17042
2010-03-26,0.07377
2010-03-29,0.56832
2010-03-30,0.00426
2010-03-31,-0.32729
2010-04-01,0.74139
2010-04-02,.
2010-04-05,.
2010-04-06,0.16843
2010-04-07,-0.58767
2010-04-08,0.33743
2010-04-09,0.66839
2010-04-12,0.17666
2010-04-13,0.06853
2010-04-14,1.11501
2010-04-15,0.08425
2010-04-16,-1.61265
2010-04-19,0.45213
2010-04-20,0.80583
2010-04-21,-0.10189
2010-04-22,0.22638
2010-04-23,0.71235
2010-04-26,-0.42965
2010-04-27,-2.33819
2010-04-28,0.64627
2010-04-29,1.29432
2010-04-30,-1.66476
2010-05-03,1.31205
2010-05-04,-2.38384
2010-05-05,-0.65610
2010-05-06,-3.23784
2010-05-07,-1.53082
2010-05-10,4.39741
2010-05-11,-0.33973
2010-05-12,1.37395
2010-05-13,-1.21451
2010-05-14,-1.88001
2010-05-17,0.11095
2010-05-18,-1.41960
2010-05-19,-0.51303
2010-05-20,-3.89758
2010-05-21,1.50244
2010-05-24,-1.29081
2010-05-25,0.03539
2010-05-26,-0.56609
2010-05-27,3.28761
2010-05-28,-1.23747
2010-05-31,.
2010-06-01,.
2010-06-02,2.58427
2010-06-03,0.40514
2010-06-04,-3.44115
2010-06-07,-1.35320
2010-06-08,1.09760
2010-06-09,-0.59416
2010-06-10,2.95068
2010-06-11,0.43797
2010-06-14,-0.18047
2010-06-15,2.34942
2010-06-16,-0.05559
2010-06-17,0.12830
2010-06-18,0.13172
2010-06-21,-0.38568
2010-06-22,-1.60708
2010-06-23,-0.29855
2010-06-24,-1.68034
2010-06-25,0.28593
2010-06-28,-0.20339
2010-06-29,-3.10171
2010-06-30,-1.01129
2010-07-01,-0.32405
2010-07-02,-0.46624
2010-07-05,.
2010-07-06,.
2010-07-07,3.13309
2010-07-08,0.94127
2010-07-09,0.72039
2010-07-12,0.07329
2010-07-13,1.53789
2010-07-14,-0.01552
2010-07-15,0.11962
2010-07-16,-2.88195
2010-07-19,0.59819
2010-07-20,1.14166
2010-07-21,-1.28198
2010-07-22,2.25133
2010-07-23,0.82200
2010-07-26,1.12002
2010-07-27,-0.10493
2010-07-28,-0.69220
2010-07-29,-0.41586
2010-07-30,0.00635
2010-08-02,2.20225
2010-08-03,-0.47963
2010-08-04,0.60511
2010-08-05,-0.12686
2010-08-06,-0.37040
2010-08-09,0.54830
2010-08-10,-0.59674
2010-08-11,-2.81787
2010-08-12,-0.53788
2010-08-13,-0.40236
2010-08-16,0.01205
2010-08-17,1.21922
2010-08-18,0.14828
2010-08-19,-1.69354
2010-08-20,-0.36630
2010-08-23,-0.40403
2010-08-24,-1.45124
2010-08-25,0.32894
2010-08-26,-0.76848
2010-08-27,1.65868
2010-08-30,-1.47193
2010-08-31,0.03909
2010-09-01,2.95045
2010-09-02,0.90809
2010-09-03,1.32190
2010-09-06,.
2010-09-07,.
2010-09-08,0.64387
2010-09-09,0.48322
2010-09-10,0.48633
2010-09-13,1.11306
2010-09-14,-0.07131
2010-09-15,0.35412
2010-09-16,-0.03644
2010-09-17,0.08269
2010-09-20,1.52098
2010-09-21,-0.25641
2010-09-22,-0.48255
2010-09-23,-0.83313
2010-09-24,2.11943
2010-09-27,-0.56674
2010-09-28,0.48505
2010-09-29,-0.25878
2010-09-30,-0.30837
2010-10-01,0.44164
2010-10-04,-0.80350
2010-10-05,2.08614
2010-10-06,-0.06720
2010-10-07,-0.16466
2010-10-08,0.61223
2010-10-11,0.01459
2010-10-12,0.38187
2010-10-13,0.71211
2010-10-14,-0.36415
2010-10-15,0.20276
2010-10-18,0.72437
2010-10-19,-1.58773
2010-10-20,1.05241
2010-10-21,0.17739
2010-10-22,0.23893
2010-10-25,0.21469
2010-10-26,0.00169
2010-10-27,-0.26905
2010-10-28,0.11248
2010-10-29,-0.04393
2010-11-01,0.09465
2010-11-02,0.77593
2010-11-03,0.36780
2010-11-04,1.92828
2010-11-05,0.39228
2010-11-08,-0.21210
2010-11-09,-0.80523
2010-11-10,0.43761
2010-11-11,-0.42422
2010-11-12,-1.18084
2010-11-15,-0.12175
2010-11-16,-1.62054
2010-11-17,0.02122
2010-11-18,1.53573
2010-11-19,0.25403
2010-11-22,-0.15754
2010-11-23,-1.42840
2010-11-24,1.49230
2010-11-25,.
2010-11-26,.
2010-11-29,-0.13788
2010-11-30,-0.60702
2010-12-01,2.16170
2010-12-02,1.28185
2010-12-03,0.26033
2010-12-06,-0.12983
2010-12-07,0.05151
2010-12-08,0.37017
2010-12-09,0.38428
2010-12-10,0.60016
2010-12-13,0.00484
2010-12-14,0.09110
2010-12-15,-0.51225
2010-12-16,0.61851
2010-12-17,0.08368
2010-12-20,0.25484
2010-12-21,0.60301
2010-12-22,0.33796
2010-12-23,-0.16444
2010-12-24,.
2010-12-27,.
2010-12-28,0.07713
2010-12-29,0.10091
2010-12-30,-0.15082
2010-12-31,-0.01908
2011-01-03,1.13148
2011-01-04,-0.13130
2011-01-05,0.50071
2011-01-06,-0.21229
2011-01-07,-0.18448
2011-01-10,-0.13763
2011-01-11,0.37251
2011-01-12,0.90076
2011-01-13,-0.17108
2011-01-14,0.73846
2011-01-17,.
2011-01-18,.
2011-01-19,-1.01157
2011-01-20,-0.12949
2011-01-21,0.24136
2011-01-24,0.58363
2011-01-25,0.02634
2011-01-26,0.42209
2011-01-27,0.22443
2011-01-28,-1.78525
2011-01-31,0.76625
2011-02-01,1.66936
2011-02-02,-0.27226
2011-02-03,0.23542
2011-02-04,0.28842
2011-02-07,0.62401
2011-02-08,0.41848
2011-02-09,-0.27858
2011-02-10,0.07495
2011-02-11,0.55073
2011-02-14,0.23850
2011-02-15,-0.32350
2011-02-16,0.62575
2011-02-17,0.30756
2011-02-18,0.19248
2011-02-21,.
2011-02-22,.
2011-02-23,-0.61120
2011-02-24,-0.09943
2011-02-25,1.05505
2011-02-28,0.55611
2011-03-01,-1.57397
2011-03-02,0.16152
2011-03-03,1.72190
2011-03-04,-0.73781
2011-03-07,-0.83412
2011-03-08,0.89228
2011-03-09,-0.13618
2011-03-10,-1.88709
2011-03-11,0.70805
2011-03-14,-0.60493
2011-03-15,-1.12003
2011-03-16,-1.94950
2011-03-17,1.33983
2011-03-18,0.43024
2011-03-21,1.49937
2011-03-22,-0.35506
2011-03-23,0.29140
2011-03-24,0.93408
2011-03-25,0.31611
2011-03-28,-0.27478
2011-03-29,0.70600
2011-03-30,0.66847
2011-03-31,-0.18295
2011-04-01,0.49629
2011-04-04,0.03452
2011-04-05,-0.01801
2011-04-06,0.21837
2011-04-07,-0.15200
2011-04-08,-0.40045
2011-04-11,-0.27933
2011-04-12,-0.77768
2011-04-13,0.01902
2011-04-14,0.00837
2011-04-15,0.39254
2011-04-18,-1.10178
2011-04-19,0.57312
2011-04-20,1.35150
2011-04-21,0.52768
2011-04-22,.
2011-04-25,.
2011-04-26,0.89796
2011-04-27,0.62498
2011-04-28,0.35555
2011-04-29,0.23007
2011-05-02,-0.17527
2011-05-03,-0.33793
2011-05-04,-0.68553
2011-05-05,-0.90699
2011-05-06,0.38199
2011-05-09,0.45441
2011-05-10,0.80740
2011-05-11,-1.11114
2011-05-12,0.48954
2011-05-13,-0.80673
2011-05-16,-0.62044
2011-05-17,-0.03686
2011-05-18,0.88037
2011-05-19,0.21780
2011-05-20,-0.76883
2011-05-23,-1.19256
2011-05-24,-0.08274
2011-05-25,0.31832
2011-05-26,0.39531
2011-05-27,0.40809
2011-05-30,.
2011-05-31,.
2011-06-01,-2.27847
2011-06-02,-0.12248
2011-06-03,-0.97339
2011-06-06,-1.07602
2011-06-07,-0.09563
2011-06-08,-0.41870
2011-06-09,0.73775
2011-06-10,-1.39798
2011-06-13,0.06688
2011-06-14,1.26117
2011-06-15,-1.74319
2011-06-16,0.17544
2011-06-17,0.30450
2011-06-20,0.53952
2011-06-21,1.34234
2011-06-22,-0.64684
2011-06-23,-0.28280
2011-06-24,-1.17257
2011-06-27,0.91844
2011-06-28,1.29443
2011-06-29,0.82828
2011-06-30,1.01192
2011-07-01,1.44097
2011-07-04,.
2011-07-05,.
2011-07-06,0.10016
2011-07-07,1.04538
2011-07-08,-0.69612
2011-07-11,-1.80905
2011-07-12,-0.44335
2011-07-13,0.31059
2011-07-14,-0.67161
2011-07-15,0.55544
2011-07-18,-0.81298
2011-07-19,1.63087
2011-07-20,-0.06708
2011-07-21,1.35461
2011-07-22,0.09079
2011-07-25,-0.56430
2011-07-26,-0.41049
2011-07-27,-2.03087
2011-07-28,-0.32340
2011-07-29,-0.64505
2011-08-01,-0.41322
2011-08-02,-2.55567
2011-08-03,0.50157
2011-08-04,-4.78204
2011-08-05,-0.05750
2011-08-08,-6.66344
2011-08-09,4.74068
2011-08-10,-4.41524
2011-08-11,4.62900
2011-08-12,0.52616
2011-08-15,2.17847
2011-08-16,-0.97386
2011-08-17,0.09474
2011-08-18,-4.45937
2011-08-19,-1.50090
2011-08-22,0.02581
2011-08-23,3.42848
2011-08-24,1.31200
2011-08-25,-1.55656
2011-08-26,1.51216
2011-08-29,2.82801
2011-08-30,0.23470
2011-08-31,0.49220
2011-09-01,-1.18715
2011-09-02,-2.52819
2011-09-05,.
2011-09-06,.
2011-09-07,2.86465
2011-09-08,-1.06122
2011-09-09,-2.67055
2011-09-12,0.69657
2011-09-13,0.91201
2011-09-14,1.34798
2011-09-15,1.71871
2011-09-16,0.57067
2011-09-19,-0.98026
2011-09-20,-0.16610
2011-09-21,-2.93905
2011-09-22,-3.18832
2011-09-23,0.60820
2011-09-26,2.33362
2011-09-27,1.06883
2011-09-28,-2.06912
2011-09-29,0.81143
2011-09-30,-2.49741
2011-10-03,-2.84510
2011-10-04,2.24885
2011-10-05,1.78656
2011-10-06,1.83037
2011-10-07,-0.81633
2011-10-10,3.41249
2011-10-11,0.05440
2011-10-12,0.97947
2011-10-13,-0.29737
2011-10-14,1.73803
2011-10-17,-1.93699
2011-10-18,2.04187
2011-10-19,-1.26491
2011-10-20,0.45542
2011-10-21,1.88088
2011-10-24,1.28730
2011-10-25,-2.00448
2011-10-26,1.05366
2011-10-27,3.42915
2011-10-28,0.03892
2011-10-31,-2.47376
2011-11-01,-2.79422
2011-11-02,1.61047
2011-11-03,1.87818
2011-11-04,-0.62800
2011-11-07,0.62957
2011-11-08,1.17356
2011-11-09,-3.66951
2011-11-10,0.86161
2011-11-11,1.94887
2011-11-14,-0.95502
2011-11-15,0.48171
2011-11-16,-1.66162
2011-11-17,-1.67999
2011-11-18,-0.03947
2011-11-21,-1.86485
2011-11-22,-0.41409
2011-11-23,-2.20952
2011-11-24,.
2011-11-25,.
2011-11-28,2.92404
2011-11-29,0.22137
2011-11-30,4.33153
2011-12-01,-0.19086
2011-12-02,-0.02410
2011-12-05,1.02871
2011-12-06,0.11057
2011-12-07,0.20183
2011-12-08,-2.11418
2011-12-09,1.68834
2011-12-12,-1.49141
2011-12-13,-0.86860
2011-12-14,-1.13483
2011-12-15,0.32431
2011-12-16,0.32161
2011-12-19,-1.17328
2011-12-20,2.98254
2011-12-21,0.19496
2011-12-22,0.82655
2011-12-23,0.90351
2011-12-26,.
2011-12-27,.
2011-12-28,-1.24780
2011-12-29,1.07071
2011-12-30,-0.42913
2012-01-02,.
2012-01-03,.
2012-01-04,0.01879
2012-01-05,0.29437
2012-01-06,-0.25370
2012-01-09,0.22617
2012-01-10,0.88858
2012-01-11,0.03096
2012-01-12,0.23366
2012-01-13,-0.49479
2012-01-16,.
2012-01-17,.
2012-01-18,1.11079
2012-01-19,0.49387
2012-01-20,0.06695
2012-01-23,0.04713
2012-01-24,-0.10258
2012-01-25,0.86715
2012-01-26,-0.57464
2012-01-27,-0.15928
2012-01-30,-0.25222
2012-01-31,-0.04570
2012-02-01,0.88997
2012-02-02,0.10951
2012-02-03,1.46054
2012-02-06,-0.04238
2012-02-07,0.20233
2012-02-08,0.21603
2012-02-09,0.14741
2012-02-10,-0.68863
2012-02-13,0.68000
2012-02-14,-0.09395
2012-02-15,-0.53832
2012-02-16,1.10257
2012-02-17,0.23490
2012-02-20,.
2012-02-21,.
2012-02-22,-0.33402
2012-02-23,0.42721
2012-02-24,0.16722
2012-02-27,0.13546
2012-02-28,0.33563
2012-02-29,-0.47370
2012-03-01,0.61581
2012-03-02,-0.32458
2012-03-05,-0.38697
2012-03-06,-1.53702
2012-03-07,0.69006
2012-03-08,0.98179
2012-03-09,0.36313
2012-03-12,0.01605
2012-03-13,1.81316
2012-03-14,-0.11963
2012-03-15,0.59672
2012-03-16,0.11193
2012-03-19,0.39739
2012-03-20,-0.30005
2012-03-21,-0.18712
2012-03-22,-0.72066
2012-03-23,0.31089
2012-03-26,1.38858
2012-03-27,-0.28168
2012-03-28,-0.49415
2012-03-29,-0.16079
2012-03-30,0.36985
2012-04-02,0.75046
2012-04-03,-0.39886
2012-04-04,-1.02025
2012-04-05,-0.06290
2012-04-06,.
2012-04-09,.
2012-04-10,-1.70815
2012-04-11,0.74489
2012-04-12,1.37794
2012-04-13,-1.24750
2012-04-16,-0.05036
2012-04-17,1.54866
2012-04-18,-0.40553
2012-04-19,-0.59344
2012-04-20,0.11693
2012-04-23,-0.84075
2012-04-24,0.36798
2012-04-25,1.36446
2012-04-26,0.66801
2012-04-27,0.24143
2012-04-30,-0.38835
2012-05-01,0.56584
2012-05-02,-0.24968
2012-05-03,-0.76588
2012-05-04,-1.61472
2012-05-07,0.03506
2012-05-08,-0.42787
2012-05-09,-0.67023
2012-05-10,0.25174
2012-05-11,-0.33874
2012-05-14,-1.11128
2012-05-15,-0.57459
2012-05-16,-0.44038
2012-05-17,-1.50513
2012-05-18,-0.73878
2012-05-21,1.60359
2012-05-22,0.04863
2012-05-23,0.16937
2012-05-24,0.13800
2012-05-25,-0.21656
2012-05-28,.
2012-05-29,.
2012-05-30,-1.43348
2012-05-31,-0.22767
2012-06-01,-2.46426
2012-06-04,0.01095
2012-06-05,0.57269
2012-06-06,2.30494
2012-06-07,-0.01065
2012-06-08,0.81141
2012-06-11,-1.26201
2012-06-12,1.16507
2012-06-13,-0.70232
2012-06-14,1.08147
2012-06-15,1.03378
2012-06-18,0.14447
2012-06-19,0.98157
2012-06-20,-0.16863
2012-06-21,-2.22617
2012-06-22,0.71746
2012-06-25,-1.59548
2012-06-26,0.47727
2012-06-27,0.89849
2012-06-28,-0.21098
2012-06-29,2.49202
2012-07-02,0.24593
2012-07-03,0.62321
2012-07-04,.
2012-07-05,.
2012-07-06,-0.94327
2012-07-09,-0.16388
2012-07-10,-0.81259
2012-07-11,-0.00149
2012-07-12,-0.49871
2012-07-13,1.64973
2012-07-16,-0.23143
2012-07-17,0.74097
2012-07-18,0.66805
2012-07-19,0.27171
2012-07-20,-1.00617
2012-07-23,-0.89090
2012-07-24,-0.90410
2012-07-25,-0.03138
2012-07-26,1.65410
2012-07-27,1.90806
2012-07-30,-0.04834
2012-07-31,-0.43168
2012-08-01,-0.30305
2012-08-02,-0.73738
2012-08-03,1.90403
2012-08-06,0.23293
2012-08-07,0.51068
2012-08-08,0.06208
2012-08-09,0.04136
2012-08-10,0.21885
2012-08-13,-0.12519
2012-08-14,-0.01282
2012-08-15,0.11397
2012-08-16,0.71005
2012-08-17,0.18721
2012-08-20,-0.00212
2012-08-21,-0.34976
2012-08-22,0.02264
2012-08-23,-0.80722
2012-08-24,0.64547
2012-08-27,-0.04890
2012-08-28,-0.08083
2012-08-29,0.08444
2012-08-30,-0.78058
2012-08-31,0.50733
2012-09-03,.
2012-09-04,.
2012-09-05,-0.10677
2012-09-06,2.04355
2012-09-07,0.40499
2012-09-10,-0.61478
2012-09-11,0.31349
2012-09-12,0.20927
2012-09-13,1.63098
2012-09-14,0.39589
2012-09-17,-0.31246
2012-09-18,-0.12798
2012-09-19,0.11855
2012-09-20,-0.05407
2012-09-21,-0.00753
2012-09-24,-0.22326
2012-09-25,-1.05018
2012-09-26,-0.57367
2012-09-27,0.96489
2012-09-28,-0.44778
2012-10-01,0.26515
2012-10-02,0.08723
2012-10-03,0.36244
2012-10-04,0.71744
2012-10-05,-0.03216
2012-10-08,-0.34567
2012-10-09,-0.98909
2012-10-10,-0.61881
2012-10-11,0.01955
2012-10-12,-0.29661
2012-10-15,0.80779
2012-10-16,1.02699
2012-10-17,0.41171
2012-10-18,-0.24437
2012-10-19,-1.65713
2012-10-22,0.04396
2012-10-23,-1.44439
2012-10-24,-0.30854
2012-10-25,0.29956
2012-10-26,-0.07290
2012-10-29,.
2012-10-30,.
2012-10-31,.
2012-11-01,1.09265
2012-11-02,-0.93794
2012-11-05,0.21638
2012-11-06,0.78532
2012-11-07,-2.37050
2012-11-08,-1.22048
2012-11-09,0.16987
2012-11-12,0.01304
2012-11-13,-0.39854
2012-11-14,-1.38520
2012-11-15,-0.15935
2012-11-16,0.48399
2012-11-19,1.98620
2012-11-20,0.06634
2012-11-21,0.23202
2012-11-22,.
2012-11-23,.
2012-11-26,-0.20296
2012-11-27,-0.52265
2012-11-28,0.78559
2012-11-29,0.42697
2012-11-30,0.01624
2012-12-03,-0.47452
2012-12-04,-0.17099
2012-12-05,0.15849
2012-12-06,0.33067
2012-12-07,0.29209
2012-12-10,0.03385
2012-12-11,0.65489
2012-12-12,0.04482
2012-12-13,-0.63214
2012-12-14,-0.41354
2012-12-17,1.18706
2012-12-18,1.14866
2012-12-19,-0.75892
2012-12-20,0.54882
2012-12-21,-0.93787
2012-12-24,-0.24403
2012-12-25,.
2012-12-26,.
2012-12-27,-0.12185
2012-12-28,-1.10500
2012-12-31,1.69420
2013-01-01,.
2013-01-02,.
2013-01-03,-0.20856
2013-01-04,0.48651
2013-01-07,-0.31231
2013-01-08,-0.32424
2013-01-09,0.26559
2013-01-10,0.75974
2013-01-11,-0.00476
2013-01-14,-0.09307
2013-01-15,0.11287
2013-01-16,0.01970
2013-01-17,0.56430
2013-01-18,0.34032
2013-01-21,.
2013-01-22,.
2013-01-23,0.15075
2013-01-24,0.00067
2013-01-25,0.54455
2013-01-28,-0.18497
2013-01-29,0.51061
2013-01-30,-0.38996
2013-01-31,-0.25633
2013-02-01,1.00527
2013-02-04,-1.15387
2013-02-05,1.04165
2013-02-06,0.05492
2013-02-07,-0.18054
2013-02-08,0.56579
2013-02-11,-0.06061
2013-02-12,0.15952
2013-02-13,0.05923
2013-02-14,0.06906
2013-02-15,-0.10451
2013-02-18,.
2013-02-19,.
2013-02-20,-1.24041
2013-02-21,-0.63031
2013-02-22,0.87725
2013-02-25,-1.83096
2013-02-26,0.61095
2013-02-27,1.27260
2013-02-28,-0.08641
2013-03-01,0.23239
2013-03-04,0.46107
2013-03-05,0.95660
2013-03-06,0.10846
2013-03-07,0.18165
2013-03-08,0.44811
2013-03-11,0.32491
2013-03-12,-0.24033
2013-03-13,0.13140
2013-03-14,0.56030
2013-03-15,-0.16184
2013-03-18,-0.55103
2013-03-19,-0.24225
2013-03-20,0.66975
2013-03-21,-0.82825
2013-03-22,0.71743
2013-03-25,-0.33400
2013-03-26,0.77851
2013-03-27,-0.05883
2013-03-28,0.40567
2013-03-29,.
2013-04-01,.
2013-04-02,0.51723
2013-04-03,-1.05461
2013-04-04,0.40484
2013-04-05,-0.42949
2013-04-08,0.63028
2013-04-09,0.35443
2013-04-10,1.21891
2013-04-11,0.35522
2013-04-12,-0.28368
2013-04-15,-2.29663
2013-04-16,1.43072
2013-04-17,-1.43277
2013-04-18,-0.67010
2013-04-19,0.88479
2013-04-22,0.46616
2013-04-23,1.04192
2013-04-24,0.00063
2013-04-25,0.40347
2013-04-26,-0.18421
2013-04-29,0.71860
2013-04-30,0.24849
2013-05-01,-0.93079
2013-05-02,0.94080
2013-05-03,1.05346
2013-05-06,0.19078
2013-05-07,0.52303
2013-05-08,0.41391
2013-05-09,-0.36872
2013-05-10,0.43217
2013-05-13,0.00428
2013-05-14,1.01422
2013-05-15,0.51141
2013-05-16,-0.50097
2013-05-17,1.03001
2013-05-20,-0.07077
2013-05-21,0.17224
2013-05-22,-0.82736
2013-05-23,-0.29239
2013-05-24,-0.05513
2013-05-27,.
2013-05-28,.
2013-05-29,-0.70479
2013-05-30,0.36703
2013-05-31,-1.43072
2013-06-03,0.59360
2013-06-04,-0.55108
2013-06-05,-1.37797
2013-06-06,0.84903
2013-06-07,1.28316
2013-06-10,-0.03468
2013-06-11,-1.01533
2013-06-12,-0.83696
2013-06-13,1.47843
2013-06-14,-0.58850
2013-06-17,0.75673
2013-06-18,0.77911
2013-06-19,-1.38515
2013-06-20,-2.50103
2013-06-21,0.26697
2013-06-24,-1.21450
2013-06-25,0.94972
2013-06-26,0.95905
2013-06-27,0.61999
2013-06-28,-0.42896
2013-07-01,0.54038
2013-07-02,-0.05449
2013-07-03,0.08240
2013-07-04,.
2013-07-05,.
2013-07-08,0.52516
2013-07-09,0.72297
2013-07-10,0.01816
2013-07-11,1.35542
2013-07-12,0.30865
2013-07-15,0.13748
2013-07-16,-0.37088
2013-07-17,0.27740
2013-07-18,0.50330
2013-07-19,0.16101
2013-07-22,0.20330
2013-07-23,-0.18519
2013-07-24,-0.38112
2013-07-25,0.25564
2013-07-26,0.08283
2013-07-29,-0.37360
2013-07-30,0.03738
2013-07-31,-0.01364
2013-08-01,1.25406
2013-08-02,0.16404
2013-08-05,-0.14798
2013-08-06,-0.57230
2013-08-07,-0.38059
2013-08-08,0.38855
2013-08-09,-0.35700
2013-08-12,-0.11529
2013-08-13,0.27760
2013-08-14,-0.51766
2013-08-15,-1.42816
2013-08-16,-0.33046
2013-08-19,-0.59004
2013-08-20,0.38212
2013-08-21,-0.57796
2013-08-22,0.86194
2013-08-23,0.39470
2013-08-26,-0.40397
2013-08-27,-1.58742
2013-08-28,0.27477
2013-08-29,0.19634
2013-08-30,-0.31743
2013-09-02,.
2013-09-03,.
2013-09-04,0.81170
2013-09-05,0.12099
2013-09-06,0.00544
2013-09-09,0.99929
2013-09-10,0.73458
2013-09-11,0.30523
2013-09-12,-0.33804
2013-09-13,0.27147
2013-09-16,0.56932
2013-09-17,0.42177
2013-09-18,1.21777
2013-09-19,-0.18429
2013-09-20,-0.72169
2013-09-23,-0.47195
2013-09-24,-0.25972
2013-09-25,-0.27395
2013-09-26,0.34854
2013-09-27,-0.40738
2013-09-30,-0.60293
2013-10-01,0.79986
2013-10-02,-0.06667
2013-10-03,-0.89794
2013-10-04,0.70532
2013-10-07,-0.85064
2013-10-08,-1.23321
2013-10-09,0.05739
2013-10-10,2.18305
2013-10-11,0.62863
2013-10-14,0.40747
2013-10-15,-0.70637
2013-10-16,1.38275
2013-10-17,0.67440
2013-10-18,0.65488
2013-10-21,0.00917
2013-10-22,0.57375
2013-10-23,-0.47245
2013-10-24,0.32582
2013-10-25,0.43948
2013-10-28,0.13297
2013-10-29,0.55842
2013-10-30,-0.48760
2013-10-31,-0.38394
2013-11-01,0.29034
2013-11-04,0.35705
2013-11-05,-0.28055
2013-11-06,0.42655
2013-11-07,-1.31828
2013-11-08,1.34276
2013-11-11,0.07229
2013-11-12,-0.23704
2013-11-13,0.80953
2013-11-14,0.48373
2013-11-15,0.42220
2013-11-18,-0.36982
2013-11-19,-0.20429
2013-11-20,-0.36356
2013-11-21,0.81286
2013-11-22,0.49614
2013-11-25,-0.12633
2013-11-26,0.01498
2013-11-27,0.24851
2013-11-28,.
2013-11-29,.
2013-12-02,-0.27190
2013-12-03,-0.31928
2013-12-04,-0.13035
2013-12-05,-0.43396
2013-12-06,1.12379
2013-12-09,0.18171
2013-12-10,-0.31797
2013-12-11,-1.13169
2013-12-12,-0.37706
2013-12-13,-0.01014
2013-12-16,0.63200
2013-12-17,-0.31010
2013-12-18,1.66480
2013-12-19,-0.05799
2013-12-20,0.48187
2013-12-23,0.53181
2013-12-24,0.29158
2013-12-25,.
2013-12-26,.
2013-12-27,-0.03366
2013-12-30,-0.01792
2013-12-31,0.39597
2014-01-01,.
2014-01-02,.
2014-01-03,-0.03330
2014-01-06,-0.25118
2014-01-07,0.60818
2014-01-08,-0.02122
2014-01-09,0.03483
2014-01-10,0.23067
2014-01-13,-1.25762
2014-01-14,1.08179
2014-01-15,0.51662
2014-01-16,-0.13471
2014-01-17,-0.38951
2014-01-20,.
2014-01-21,.
2014-01-22,0.05749
2014-01-23,-0.88896
2014-01-24,-2.08755
2014-01-27,-0.48763
2014-01-28,0.61407
2014-01-29,-1.02092
2014-01-30,1.12670
2014-01-31,-0.64653
2014-02-03,-2.28319
2014-02-04,0.76411
2014-02-05,-0.20283
2014-02-06,1.24398
2014-02-07,1.33019
2014-02-10,0.15693
2014-02-11,1.10621
2014-02-12,-0.02693
2014-02-13,0.58101
2014-02-14,0.48092
2014-02-17,.
2014-02-18,.
2014-02-19,-0.65245
2014-02-20,0.60314
2014-02-21,-0.19187
2014-02-24,0.61865
2014-02-25,-0.13477
2014-02-26,0.00217
2014-02-27,0.49481
2014-02-28,0.27827
2014-03-03,-0.73785
2014-03-04,1.52677
2014-03-05,-0.00534
2014-03-06,0.17184
2014-03-07,0.05381
2014-03-10,-0.04632
2014-03-11,-0.50821
2014-03-12,0.03052
2014-03-13,-1.17011
2014-03-14,-0.28218
2014-03-17,0.96137
2014-03-18,0.72196
2014-03-19,-0.61317
2014-03-20,0.60405
2014-03-21,-0.29327
2014-03-24,-0.48647
2014-03-25,0.44039
2014-03-26,-0.70004
2014-03-27,-0.19001
2014-03-28,0.46402
2014-03-31,0.79241
2014-04-01,0.70393
2014-04-02,0.28533
2014-04-03,-0.11264
2014-04-04,-1.25373
2014-04-07,-1.07502
2014-04-08,0.37506
2014-04-09,1.09182
2014-04-10,-2.08847
2014-04-11,-0.94868
2014-04-14,0.82173
2014-04-15,0.67573
2014-04-16,1.04884
2014-04-17,0.13639
2014-04-18,.
2014-04-21,.
2014-04-22,0.40921
2014-04-23,-0.22133
2014-04-24,0.17170
2014-04-25,-0.80964
2014-04-28,0.32360
2014-04-29,0.47608
2014-04-30,0.29920
2014-05-01,-0.01433
2014-05-02,-0.13484
2014-05-05,0.18712
2014-05-06,-0.89884
2014-05-07,0.56165
2014-05-08,-0.13736
2014-05-09,0.15195
2014-05-12,0.96727
2014-05-13,0.04218
2014-05-14,-0.47010
2014-05-15,-0.93618
2014-05-16,0.37470
2014-05-19,0.38448
2014-05-20,-0.64984
2014-05-21,0.81161
2014-05-22,0.23623
2014-05-23,0.42484
2014-05-26,.
2014-05-27,.
2014-05-28,-0.11141
2014-05-29,0.53671
2014-05-30,0.18437
2014-06-02,0.07278
2014-06-03,-0.03792
2014-06-04,0.18917
2014-06-05,0.65253
2014-06-06,0.46278
2014-06-09,0.09387
2014-06-10,-0.02460
2014-06-11,-0.35370
2014-06-12,-0.70889
2014-06-13,0.31345
2014-06-16,0.08367
2014-06-17,0.21726
2014-06-18,0.77189
2014-06-19,0.12775
2014-06-20,0.17301
2014-06-23,-0.01325
2014-06-24,-0.64353
2014-06-25,0.48975
2014-06-26,-0.11789
2014-06-27,0.19109
2014-06-30,-0.03723
2014-07-01,0.66778
2014-07-02,0.06588
2014-07-03,0.54795
2014-07-04,.
2014-07-07,.
2014-07-08,-0.70488
2014-07-09,0.46443
2014-07-10,-0.41311
2014-07-11,0.14710
2014-07-14,0.48435
2014-07-15,-0.19321
2014-07-16,0.42011
2014-07-17,-1.18341
2014-07-18,1.02649
2014-07-21,-0.23203
2014-07-22,0.50161
2014-07-23,0.17544
2014-07-24,0.04882
2014-07-25,-0.48491
2014-07-28,0.02881
2014-07-29,-0.45277
2014-07-30,0.00609
2014-07-31,-1.99993
2014-08-01,-0.28591
2014-08-04,0.71891
2014-08-05,-0.96855
2014-08-06,0.00156
2014-08-07,-0.55566
2014-08-08,1.15314
2014-08-11,0.27594
2014-08-12,-0.16366
2014-08-13,0.67072
2014-08-14,0.43458
2014-08-15,-0.00614
2014-08-18,0.85317
2014-08-19,0.50007
2014-08-20,0.24778
2014-08-21,0.29499
2014-08-22,-0.19926
2014-08-25,0.47878
2014-08-26,0.10511
2014-08-27,0.00500
2014-08-28,-0.16899
2014-08-29,0.33204
2014-09-01,.
2014-09-02,.
2014-09-03,-0.07791
2014-09-04,-0.15344
2014-09-05,0.50359
2014-09-08,-0.30732
2014-09-09,-0.65450
2014-09-10,0.36461
2014-09-11,0.08819
2014-09-12,-0.59626
2014-09-15,-0.07101
2014-09-16,0.74844
2014-09-17,0.12957
2014-09-18,0.48912
2014-09-19,-0.04773
2014-09-22,-0.80133
2014-09-23,-0.57765
2014-09-24,0.78325
2014-09-25,-1.61687
2014-09-26,0.85758
2014-09-29,-0.25468
2014-09-30,-0.27859
2014-10-01,-1.32486
2014-10-02,0.00051
2014-10-03,1.11655
2014-10-06,-0.15651
2014-10-07,-1.51261
2014-10-08,1.74616
2014-10-09,-2.06614
2014-10-10,-1.14510
2014-10-13,-1.64679
2014-10-14,0.15789
2014-10-15,-0.81003
2014-10-16,0.01450
2014-10-17,1.28841
2014-10-20,0.91427
2014-10-21,1.95745
2014-10-22,-0.72993
2014-10-23,1.23034
2014-10-24,0.70534
2014-10-27,-0.15016
2014-10-28,1.19391
2014-10-29,-0.13854
2014-10-30,0.62301
2014-10-31,1.17314
2014-11-03,-0.01189
2014-11-04,-0.28298
2014-11-05,0.57005
2014-11-06,0.37755
2014-11-07,0.03495
2014-11-10,0.31202
2014-11-11,0.06967
2014-11-12,-0.07011
2014-11-13,0.05299
2014-11-14,0.02403
2014-11-17,0.07354
2014-11-18,0.51339
2014-11-19,-0.15011
2014-11-20,0.19671
2014-11-21,0.52369
2014-11-24,0.28641
2014-11-25,-0.11501
2014-11-26,0.28060
2014-11-27,.
2014-11-28,.
2014-12-01,-0.68293
2014-12-02,0.63844
2014-12-03,0.37647
2014-12-04,-0.11618
2014-12-05,0.16651
2014-12-08,-0.72565
2014-12-09,-0.02378
2014-12-10,-1.63509
2014-12-11,0.45357
2014-12-12,-1.62136
2014-12-15,-0.63426
2014-12-16,-0.84890
2014-12-17,2.03524
2014-12-18,2.40152
2014-12-19,0.45701
2014-12-22,0.38104
2014-12-23,0.17464
2014-12-24,-0.01393
2014-12-25,.
2014-12-26,.
2014-12-29,0.08618
2014-12-30,-0.48886
2014-12-31,-1.03108
2015-01-01,.
2015-01-02,.
2015-01-05,-1.82781
2015-01-06,-0.88935
2015-01-07,1.16298
2015-01-08,1.78883
2015-01-09,-0.84039
2015-01-12,-0.80937
2015-01-13,-0.25786
2015-01-14,-0.58131
2015-01-15,-0.92479
2015-01-16,1.34242
2015-01-19,.
2015-01-20,.
2015-01-21,0.47317
2015-01-22,1.52698
2015-01-23,-0.54916
2015-01-26,0.25685
2015-01-27,-1.33878
2015-01-28,-1.34956
2015-01-29,0.95347
2015-01-30,-1.29920
2015-02-02,1.29625
2015-02-03,1.44395
2015-02-04,-0.41560
2015-02-05,1.02914
2015-02-06,-0.34181
2015-02-09,-0.42472
2015-02-10,1.06755
2015-02-11,-0.00290
2015-02-12,0.96445
2015-02-13,0.40747
2015-02-16,.
2015-02-17,.
2015-02-18,-0.03142
2015-02-19,-0.10621
2015-02-20,0.61265
2015-02-23,-0.03033
2015-02-24,0.27587
2015-02-25,-0.07658
2015-02-26,-0.14760
2015-02-27,-0.29563
2015-03-02,0.61250
2015-03-03,-0.45386
2015-03-04,-0.43885
2015-03-05,0.11961
2015-03-06,-1.41739
2015-03-09,0.39445
2015-03-10,-1.69614
2015-03-11,-0.19177
2015-03-12,1.26015
